File,aid,Date,0,1,2,3
BRDF_Albedo_Band_Mandatory_Quality_shortwave_2018001_aid0001,aid0001,2018-01-01,447679,255005,12.0,3669
BRDF_Albedo_Band_Mandatory_Quality_shortwave_2018002_aid0001,aid0001,2018-01-02,432195,269862,14.0,3764
BRDF_Albedo_Band_Mandatory_Quality_shortwave_2018003_aid0001,aid0001,2018-01-03,285042,414046,9.0,4765
BRDF_Albedo_Band_Mandatory_Quality_shortwave_2018004_aid0001,aid0001,2018-01-04,241333,457111,16.0,5526
BRDF_Albedo_Band_Mandatory_Quality_shortwave_2018005_aid0001,aid0001,2018-01-05,182407,514754,18.0,6404
BRDF_Albedo_Band_Mandatory_Quality_shortwave_2018006_aid0001,aid0001,2018-01-06,206748,491349,7.0,5830
BRDF_Albedo_Band_Mandatory_Quality_shortwave_2018007_aid0001,aid0001,2018-01-07,335735,363443,2.0,4866
BRDF_Albedo_Band_Mandatory_Quality_shortwave_2018008_aid0001,aid0001,2018-01-08,412526,288902,1.0,3654
BRDF_Albedo_Band_Mandatory_Quality_shortwave_2018009_aid0001,aid0001,2018-01-09,413106,286074,1.0,4375
BRDF_Albedo_Band_Mandatory_Quality_shortwave_2018010_aid0001,aid0001,2018-01-10,490860,209931,1.0,3726
BRDF_Albedo_Band_Mandatory_Quality_shortwave_2018011_aid0001,aid0001,2018-01-11,534472,163812,1.0,4430
BRDF_Albedo_Band_Mandatory_Quality_shortwave_2018012_aid0001,aid0001,2018-01-12,568285,132671,4.0,3486
BRDF_Albedo_Band_Mandatory_Quality_shortwave_2018013_aid0001,aid0001,2018-01-13,514989,184944,4.0,3612
BRDF_Albedo_Band_Mandatory_Quality_shortwave_2018014_aid0001,aid0001,2018-01-14,507761,189770,5.0,4743
BRDF_Albedo_Band_Mandatory_Quality_shortwave_2018015_aid0001,aid0001,2018-01-15,432345,260843,3.0,6688
BRDF_Albedo_Band_Mandatory_Quality_shortwave_2018016_aid0001,aid0001,2018-01-16,362854,327684,6.0,8205
BRDF_Albedo_Band_Mandatory_Quality_shortwave_2018017_aid0001,aid0001,2018-01-17,456482,238623,5.0,5833
BRDF_Albedo_Band_Mandatory_Quality_shortwave_2018018_aid0001,aid0001,2018-01-18,476600,218684,5.0,5769
BRDF_Albedo_Band_Mandatory_Quality_shortwave_2018019_aid0001,aid0001,2018-01-19,496236,199084,3.0,5736
BRDF_Albedo_Band_Mandatory_Quality_shortwave_2018020_aid0001,aid0001,2018-01-20,483247,210151,3.0,6391
BRDF_Albedo_Band_Mandatory_Quality_shortwave_2018021_aid0001,aid0001,2018-01-21,482169,210695,3.0,6568
BRDF_Albedo_Band_Mandatory_Quality_shortwave_2018022_aid0001,aid0001,2018-01-22,461975,230067,11.0,6567
BRDF_Albedo_Band_Mandatory_Quality_shortwave_2018023_aid0001,aid0001,2018-01-23,436759,253944,15.0,7876
BRDF_Albedo_Band_Mandatory_Quality_shortwave_2018024_aid0001,aid0001,2018-01-24,416003,273762,10.0,7948
BRDF_Albedo_Band_Mandatory_Quality_shortwave_2018025_aid0001,aid0001,2018-01-25,378883,307187,13.0,10462
BRDF_Albedo_Band_Mandatory_Quality_shortwave_2018026_aid0001,aid0001,2018-01-26,359520,327074,9.0,10270
BRDF_Albedo_Band_Mandatory_Quality_shortwave_2018027_aid0001,aid0001,2018-01-27,282972,397104,9.0,12633
BRDF_Albedo_Band_Mandatory_Quality_shortwave_2018028_aid0001,aid0001,2018-01-28,224901,455601,16.0,12590
BRDF_Albedo_Band_Mandatory_Quality_shortwave_2018029_aid0001,aid0001,2018-01-29,318106,364717,5.0,12977
BRDF_Albedo_Band_Mandatory_Quality_shortwave_2018030_aid0001,aid0001,2018-01-30,322327,367423,4.0,8736
BRDF_Albedo_Band_Mandatory_Quality_shortwave_2018031_aid0001,aid0001,2018-01-31,322059,365589,8.0,9369
BRDF_Albedo_Band_Mandatory_Quality_shortwave_2018032_aid0001,aid0001,2018-02-01,328275,360745,7.0,8683
BRDF_Albedo_Band_Mandatory_Quality_shortwave_2018033_aid0001,aid0001,2018-02-02,238149,437143,14.0,18274
BRDF_Albedo_Band_Mandatory_Quality_shortwave_2018034_aid0001,aid0001,2018-02-03,181131,493672,28.0,19162
BRDF_Albedo_Band_Mandatory_Quality_shortwave_2018035_aid0001,aid0001,2018-02-04,136388,538191,32.0,19649
BRDF_Albedo_Band_Mandatory_Quality_shortwave_2018036_aid0001,aid0001,2018-02-05,139489,534999,40.0,19200
BRDF_Albedo_Band_Mandatory_Quality_shortwave_2018037_aid0001,aid0001,2018-02-06,149627,527391,34.0,17754
BRDF_Albedo_Band_Mandatory_Quality_shortwave_2018038_aid0001,aid0001,2018-02-07,146025,533284,76.0,17392
BRDF_Albedo_Band_Mandatory_Quality_shortwave_2018039_aid0001,aid0001,2018-02-08,97033,579475,38.0,17748
BRDF_Albedo_Band_Mandatory_Quality_shortwave_2018040_aid0001,aid0001,2018-02-09,54953,625086,31.0,19619
BRDF_Albedo_Band_Mandatory_Quality_shortwave_2018041_aid0001,aid0001,2018-02-10,67276,615622,20.0,17205
BRDF_Albedo_Band_Mandatory_Quality_shortwave_2018042_aid0001,aid0001,2018-02-11,104255,582724,22.0,15556
BRDF_Albedo_Band_Mandatory_Quality_shortwave_2018043_aid0001,aid0001,2018-02-12,126996,558997,35.0,15493
BRDF_Albedo_Band_Mandatory_Quality_shortwave_2018044_aid0001,aid0001,2018-02-13,139575,549910,27.0,13391
BRDF_Albedo_Band_Mandatory_Quality_shortwave_2018045_aid0001,aid0001,2018-02-14,118241,537266,26.0,32218
BRDF_Albedo_Band_Mandatory_Quality_shortwave_2018046_aid0001,aid0001,2018-02-15,61953,545454,69.0,62120
BRDF_Albedo_Band_Mandatory_Quality_shortwave_2018047_aid0001,aid0001,2018-02-16,64397,561665,69.0,50057
BRDF_Albedo_Band_Mandatory_Quality_shortwave_2018048_aid0001,aid0001,2018-02-17,64009,566618,88.0,42142
BRDF_Albedo_Band_Mandatory_Quality_shortwave_2018049_aid0001,aid0001,2018-02-18,77471,559502,87.0,38236
BRDF_Albedo_Band_Mandatory_Quality_shortwave_2018050_aid0001,aid0001,2018-02-19,98629,538188,79.0,39866
BRDF_Albedo_Band_Mandatory_Quality_shortwave_2018051_aid0001,aid0001,2018-02-20,123553,535511,102.0,31706
BRDF_Albedo_Band_Mandatory_Quality_shortwave_2018052_aid0001,aid0001,2018-02-21,125608,530581,124.0,32854
BRDF_Albedo_Band_Mandatory_Quality_shortwave_2018053_aid0001,aid0001,2018-02-22,172279,482828,136.0,33375
BRDF_Albedo_Band_Mandatory_Quality_shortwave_2018054_aid0001,aid0001,2018-02-23,220200,474129,60.0,10238
BRDF_Albedo_Band_Mandatory_Quality_shortwave_2018055_aid0001,aid0001,2018-02-24,299956,402531,3.0,3622
BRDF_Albedo_Band_Mandatory_Quality_shortwave_2018056_aid0001,aid0001,2018-02-25,371783,329945,2.0,2876
BRDF_Albedo_Band_Mandatory_Quality_shortwave_2018057_aid0001,aid0001,2018-02-26,422807,279808,2.0,2881
BRDF_Albedo_Band_Mandatory_Quality_shortwave_2018058_aid0001,aid0001,2018-02-27,402153,300699,4.0,2756
BRDF_Albedo_Band_Mandatory_Quality_shortwave_2018059_aid0001,aid0001,2018-02-28,431358,268595,5.0,3813
BRDF_Albedo_Band_Mandatory_Quality_shortwave_2018060_aid0001,aid0001,2018-03-01,537132,167103,2.0,2315
BRDF_Albedo_Band_Mandatory_Quality_shortwave_2018061_aid0001,aid0001,2018-03-02,605285,98951,4.0,2268
BRDF_Albedo_Band_Mandatory_Quality_shortwave_2018062_aid0001,aid0001,2018-03-03,607242,97650,4.0,2036
BRDF_Albedo_Band_Mandatory_Quality_shortwave_2018063_aid0001,aid0001,2018-03-04,602309,102304,1.0,2190
BRDF_Albedo_Band_Mandatory_Quality_shortwave_2018064_aid0001,aid0001,2018-03-05,596066,108251,5.0,2266
BRDF_Albedo_Band_Mandatory_Quality_shortwave_2018065_aid0001,aid0001,2018-03-06,630441,75533,8.0,1626
BRDF_Albedo_Band_Mandatory_Quality_shortwave_2018066_aid0001,aid0001,2018-03-07,647665,58547,6.0,1512
BRDF_Albedo_Band_Mandatory_Quality_shortwave_2018067_aid0001,aid0001,2018-03-08,653333,53214,3.0,1431
BRDF_Albedo_Band_Mandatory_Quality_shortwave_2018068_aid0001,aid0001,2018-03-09,659532,47174,2.0,1333
BRDF_Albedo_Band_Mandatory_Quality_shortwave_2018069_aid0001,aid0001,2018-03-10,660988,45698,2.0,1350
BRDF_Albedo_Band_Mandatory_Quality_shortwave_2018070_aid0001,aid0001,2018-03-11,660384,46237,3.0,1374
BRDF_Albedo_Band_Mandatory_Quality_shortwave_2018071_aid0001,aid0001,2018-03-12,653085,53221,4.0,1475
BRDF_Albedo_Band_Mandatory_Quality_shortwave_2018072_aid0001,aid0001,2018-03-13,639910,65335,10.0,2051
BRDF_Albedo_Band_Mandatory_Quality_shortwave_2018073_aid0001,aid0001,2018-03-14,636742,68113,9.0,2213
BRDF_Albedo_Band_Mandatory_Quality_shortwave_2018074_aid0001,aid0001,2018-03-15,647477,58048,13.0,2002
BRDF_Albedo_Band_Mandatory_Quality_shortwave_2018075_aid0001,aid0001,2018-03-16,653293,52536,9.0,1892
BRDF_Albedo_Band_Mandatory_Quality_shortwave_2018076_aid0001,aid0001,2018-03-17,652046,53660,6.0,1925
BRDF_Albedo_Band_Mandatory_Quality_shortwave_2018077_aid0001,aid0001,2018-03-18,642858,61749,7.0,2269
BRDF_Albedo_Band_Mandatory_Quality_shortwave_2018078_aid0001,aid0001,2018-03-19,647159,58431,8.0,1951
BRDF_Albedo_Band_Mandatory_Quality_shortwave_2018079_aid0001,aid0001,2018-03-20,648197,57813,6.0,1676
BRDF_Albedo_Band_Mandatory_Quality_shortwave_2018080_aid0001,aid0001,2018-03-21,649587,56674,4.0,1614
BRDF_Albedo_Band_Mandatory_Quality_shortwave_2018081_aid0001,aid0001,2018-03-22,631805,73593,4.0,2076
BRDF_Albedo_Band_Mandatory_Quality_shortwave_2018082_aid0001,aid0001,2018-03-23,595828,109236,6.0,2232
BRDF_Albedo_Band_Mandatory_Quality_shortwave_2018083_aid0001,aid0001,2018-03-24,567888,135557,5.0,2811
BRDF_Albedo_Band_Mandatory_Quality_shortwave_2018084_aid0001,aid0001,2018-03-25,545173,157605,1.0,3154
BRDF_Albedo_Band_Mandatory_Quality_shortwave_2018085_aid0001,aid0001,2018-03-26,493235,209089,,3628
BRDF_Albedo_Band_Mandatory_Quality_shortwave_2018086_aid0001,aid0001,2018-03-27,474824,227382,1.0,3783
BRDF_Albedo_Band_Mandatory_Quality_shortwave_2018087_aid0001,aid0001,2018-03-28,483989,218406,1.0,3668
BRDF_Albedo_Band_Mandatory_Quality_shortwave_2018088_aid0001,aid0001,2018-03-29,537366,165688,3.0,3308
BRDF_Albedo_Band_Mandatory_Quality_shortwave_2018089_aid0001,aid0001,2018-03-30,512688,190409,1.0,3324
BRDF_Albedo_Band_Mandatory_Quality_shortwave_2018090_aid0001,aid0001,2018-03-31,397691,301133,13.0,4051
BRDF_Albedo_Band_Mandatory_Quality_shortwave_2018091_aid0001,aid0001,2018-04-01,267605,425419,18.0,6916
BRDF_Albedo_Band_Mandatory_Quality_shortwave_2018092_aid0001,aid0001,2018-04-02,175844,513762,71.0,9817
BRDF_Albedo_Band_Mandatory_Quality_shortwave_2018093_aid0001,aid0001,2018-04-03,157862,526929,35.0,11341
BRDF_Albedo_Band_Mandatory_Quality_shortwave_2018094_aid0001,aid0001,2018-04-04,276354,403382,87.0,16622
BRDF_Albedo_Band_Mandatory_Quality_shortwave_2018095_aid0001,aid0001,2018-04-05,304582,359938,188.0,24892
BRDF_Albedo_Band_Mandatory_Quality_shortwave_2018096_aid0001,aid0001,2018-04-06,238839,434671,132.0,18669
BRDF_Albedo_Band_Mandatory_Quality_shortwave_2018097_aid0001,aid0001,2018-04-07,263023,416389,56.0,14328
BRDF_Albedo_Band_Mandatory_Quality_shortwave_2018098_aid0001,aid0001,2018-04-08,256353,422227,51.0,14719
BRDF_Albedo_Band_Mandatory_Quality_shortwave_2018099_aid0001,aid0001,2018-04-09,346417,349529,27.0,8197
BRDF_Albedo_Band_Mandatory_Quality_shortwave_2018100_aid0001,aid0001,2018-04-10,470240,230988,2.0,3890
BRDF_Albedo_Band_Mandatory_Quality_shortwave_2018101_aid0001,aid0001,2018-04-11,550482,152062,5.0,3718
BRDF_Albedo_Band_Mandatory_Quality_shortwave_2018102_aid0001,aid0001,2018-04-12,571120,131286,3.0,3661
BRDF_Albedo_Band_Mandatory_Quality_shortwave_2018103_aid0001,aid0001,2018-04-13,592089,110777,2.0,3409
BRDF_Albedo_Band_Mandatory_Quality_shortwave_2018104_aid0001,aid0001,2018-04-14,559547,142959,4.0,3549
BRDF_Albedo_Band_Mandatory_Quality_shortwave_2018105_aid0001,aid0001,2018-04-15,510588,191669,3.0,3647
BRDF_Albedo_Band_Mandatory_Quality_shortwave_2018106_aid0001,aid0001,2018-04-16,504510,197519,4.0,3710
BRDF_Albedo_Band_Mandatory_Quality_shortwave_2018107_aid0001,aid0001,2018-04-17,516276,185915,6.0,3663
BRDF_Albedo_Band_Mandatory_Quality_shortwave_2018108_aid0001,aid0001,2018-04-18,556716,146058,7.0,3413
BRDF_Albedo_Band_Mandatory_Quality_shortwave_2018109_aid0001,aid0001,2018-04-19,570777,132777,4.0,2981
BRDF_Albedo_Band_Mandatory_Quality_shortwave_2018110_aid0001,aid0001,2018-04-20,514061,189226,6.0,3040
BRDF_Albedo_Band_Mandatory_Quality_shortwave_2018111_aid0001,aid0001,2018-04-21,558487,146629,1.0,2190
BRDF_Albedo_Band_Mandatory_Quality_shortwave_2018112_aid0001,aid0001,2018-04-22,612425,92524,1.0,2207
BRDF_Albedo_Band_Mandatory_Quality_shortwave_2018113_aid0001,aid0001,2018-04-23,606248,98342,,2310
BRDF_Albedo_Band_Mandatory_Quality_shortwave_2018114_aid0001,aid0001,2018-04-24,611082,93793,1.0,2313
BRDF_Albedo_Band_Mandatory_Quality_shortwave_2018115_aid0001,aid0001,2018-04-25,556817,146648,1.0,2456
BRDF_Albedo_Band_Mandatory_Quality_shortwave_2018116_aid0001,aid0001,2018-04-26,443530,258362,4.0,3348
BRDF_Albedo_Band_Mandatory_Quality_shortwave_2018117_aid0001,aid0001,2018-04-27,388958,311689,2.0,3189
BRDF_Albedo_Band_Mandatory_Quality_shortwave_2018118_aid0001,aid0001,2018-04-28,338865,359997,4.0,4270
BRDF_Albedo_Band_Mandatory_Quality_shortwave_2018119_aid0001,aid0001,2018-04-29,313081,381273,11.0,7638
BRDF_Albedo_Band_Mandatory_Quality_shortwave_2018120_aid0001,aid0001,2018-04-30,360923,335890,7.0,6099
BRDF_Albedo_Band_Mandatory_Quality_shortwave_2018121_aid0001,aid0001,2018-05-01,413693,285714,7.0,3834
BRDF_Albedo_Band_Mandatory_Quality_shortwave_2018122_aid0001,aid0001,2018-05-02,456243,245181,2.0,2879
BRDF_Albedo_Band_Mandatory_Quality_shortwave_2018123_aid0001,aid0001,2018-05-03,449714,251312,2.0,3035
BRDF_Albedo_Band_Mandatory_Quality_shortwave_2018124_aid0001,aid0001,2018-05-04,444149,255431,2.0,3555
BRDF_Albedo_Band_Mandatory_Quality_shortwave_2018125_aid0001,aid0001,2018-05-05,408927,287643,1.0,5212
BRDF_Albedo_Band_Mandatory_Quality_shortwave_2018126_aid0001,aid0001,2018-05-06,397275,299139,1.0,5299
BRDF_Albedo_Band_Mandatory_Quality_shortwave_2018127_aid0001,aid0001,2018-05-07,346629,337410,2.0,8221
BRDF_Albedo_Band_Mandatory_Quality_shortwave_2018128_aid0001,aid0001,2018-05-08,304260,373430,1.0,11085
BRDF_Albedo_Band_Mandatory_Quality_shortwave_2018129_aid0001,aid0001,2018-05-09,287099,387125,1.0,11777
BRDF_Albedo_Band_Mandatory_Quality_shortwave_2018130_aid0001,aid0001,2018-05-10,268795,404004,,12288
BRDF_Albedo_Band_Mandatory_Quality_shortwave_2018131_aid0001,aid0001,2018-05-11,249564,421783,,12948
BRDF_Albedo_Band_Mandatory_Quality_shortwave_2018132_aid0001,aid0001,2018-05-12,212906,456506,,13351
BRDF_Albedo_Band_Mandatory_Quality_shortwave_2018133_aid0001,aid0001,2018-05-13,164173,494495,,16574
BRDF_Albedo_Band_Mandatory_Quality_shortwave_2018134_aid0001,aid0001,2018-05-14,141252,516029,,16097
BRDF_Albedo_Band_Mandatory_Quality_shortwave_2018135_aid0001,aid0001,2018-05-15,107240,543548,,16505
BRDF_Albedo_Band_Mandatory_Quality_shortwave_2018136_aid0001,aid0001,2018-05-16,69784,560200,,23460
BRDF_Albedo_Band_Mandatory_Quality_shortwave_2018137_aid0001,aid0001,2018-05-17,21125,530689,,56309
BRDF_Albedo_Band_Mandatory_Quality_shortwave_2018138_aid0001,aid0001,2018-05-18,13613,347377,1.0,60472
BRDF_Albedo_Band_Mandatory_Quality_shortwave_2018139_aid0001,aid0001,2018-05-19,4917,340739,,57728
BRDF_Albedo_Band_Mandatory_Quality_shortwave_2018140_aid0001,aid0001,2018-05-20,992,234673,,70606
BRDF_Albedo_Band_Mandatory_Quality_shortwave_2018141_aid0001,aid0001,2018-05-21,224,196485,1.0,74762
BRDF_Albedo_Band_Mandatory_Quality_shortwave_2018142_aid0001,aid0001,2018-05-22,33,165236,,85714
BRDF_Albedo_Band_Mandatory_Quality_shortwave_2018143_aid0001,aid0001,2018-05-23,29,161165,,86917
BRDF_Albedo_Band_Mandatory_Quality_shortwave_2018144_aid0001,aid0001,2018-05-24,167,167065,,90267
BRDF_Albedo_Band_Mandatory_Quality_shortwave_2018145_aid0001,aid0001,2018-05-25,728,197075,,83186
BRDF_Albedo_Band_Mandatory_Quality_shortwave_2018146_aid0001,aid0001,2018-05-26,784,230817,,117715
BRDF_Albedo_Band_Mandatory_Quality_shortwave_2018147_aid0001,aid0001,2018-05-27,522,241204,,128872
BRDF_Albedo_Band_Mandatory_Quality_shortwave_2018148_aid0001,aid0001,2018-05-28,390,269344,,147752
BRDF_Albedo_Band_Mandatory_Quality_shortwave_2018149_aid0001,aid0001,2018-05-29,353,289236,,144060
BRDF_Albedo_Band_Mandatory_Quality_shortwave_2018150_aid0001,aid0001,2018-05-30,368,307061,,150397
BRDF_Albedo_Band_Mandatory_Quality_shortwave_2018151_aid0001,aid0001,2018-05-31,851,357120,2.0,142001
BRDF_Albedo_Band_Mandatory_Quality_shortwave_2018152_aid0001,aid0001,2018-06-01,1722,347098,2.0,130290
BRDF_Albedo_Band_Mandatory_Quality_shortwave_2018153_aid0001,aid0001,2018-06-02,1756,377001,7.0,124656
BRDF_Albedo_Band_Mandatory_Quality_shortwave_2018154_aid0001,aid0001,2018-06-03,1568,390116,6.0,119468
BRDF_Albedo_Band_Mandatory_Quality_shortwave_2018155_aid0001,aid0001,2018-06-04,3116,403593,7.0,122721
BRDF_Albedo_Band_Mandatory_Quality_shortwave_2018156_aid0001,aid0001,2018-06-05,4903,427924,7.0,113329
BRDF_Albedo_Band_Mandatory_Quality_shortwave_2018157_aid0001,aid0001,2018-06-06,5552,442261,8.0,115156
BRDF_Albedo_Band_Mandatory_Quality_shortwave_2018158_aid0001,aid0001,2018-06-07,7357,452571,11.0,109769
BRDF_Albedo_Band_Mandatory_Quality_shortwave_2018159_aid0001,aid0001,2018-06-08,8569,463934,19.0,106179
BRDF_Albedo_Band_Mandatory_Quality_shortwave_2018160_aid0001,aid0001,2018-06-09,10421,464719,31.0,101196
BRDF_Albedo_Band_Mandatory_Quality_shortwave_2018161_aid0001,aid0001,2018-06-10,9293,453809,35.0,101672
BRDF_Albedo_Band_Mandatory_Quality_shortwave_2018162_aid0001,aid0001,2018-06-11,7502,461394,21.0,99807
BRDF_Albedo_Band_Mandatory_Quality_shortwave_2018163_aid0001,aid0001,2018-06-12,14250,492461,24.0,86823
BRDF_Albedo_Band_Mandatory_Quality_shortwave_2018164_aid0001,aid0001,2018-06-13,17366,479308,13.0,89614
BRDF_Albedo_Band_Mandatory_Quality_shortwave_2018165_aid0001,aid0001,2018-06-14,18294,510803,10.0,81476
BRDF_Albedo_Band_Mandatory_Quality_shortwave_2018166_aid0001,aid0001,2018-06-15,22307,524963,22.0,79854
BRDF_Albedo_Band_Mandatory_Quality_shortwave_2018167_aid0001,aid0001,2018-06-16,23174,526092,13.0,79475
BRDF_Albedo_Band_Mandatory_Quality_shortwave_2018168_aid0001,aid0001,2018-06-17,21203,532811,13.0,75884
BRDF_Albedo_Band_Mandatory_Quality_shortwave_2018169_aid0001,aid0001,2018-06-18,18199,532449,10.0,78931
BRDF_Albedo_Band_Mandatory_Quality_shortwave_2018170_aid0001,aid0001,2018-06-19,18797,552156,13.0,68237
BRDF_Albedo_Band_Mandatory_Quality_shortwave_2018171_aid0001,aid0001,2018-06-20,16935,556876,17.0,64996
BRDF_Albedo_Band_Mandatory_Quality_shortwave_2018172_aid0001,aid0001,2018-06-21,18370,554670,25.0,65764
BRDF_Albedo_Band_Mandatory_Quality_shortwave_2018173_aid0001,aid0001,2018-06-22,21866,555289,17.0,61755
BRDF_Albedo_Band_Mandatory_Quality_shortwave_2018174_aid0001,aid0001,2018-06-23,20341,549600,16.0,66848
BRDF_Albedo_Band_Mandatory_Quality_shortwave_2018175_aid0001,aid0001,2018-06-24,18445,548204,20.0,69644
BRDF_Albedo_Band_Mandatory_Quality_shortwave_2018176_aid0001,aid0001,2018-06-25,19744,565303,22.0,61036
BRDF_Albedo_Band_Mandatory_Quality_shortwave_2018177_aid0001,aid0001,2018-06-26,20448,577755,19.0,54579
BRDF_Albedo_Band_Mandatory_Quality_shortwave_2018178_aid0001,aid0001,2018-06-27,17118,577808,17.0,56412
BRDF_Albedo_Band_Mandatory_Quality_shortwave_2018179_aid0001,aid0001,2018-06-28,12297,538707,19.0,73240
BRDF_Albedo_Band_Mandatory_Quality_shortwave_2018180_aid0001,aid0001,2018-06-29,10553,531496,20.0,74794
BRDF_Albedo_Band_Mandatory_Quality_shortwave_2018181_aid0001,aid0001,2018-06-30,9663,550458,36.0,69571
BRDF_Albedo_Band_Mandatory_Quality_shortwave_2018182_aid0001,aid0001,2018-07-01,6385,531310,27.0,74787
BRDF_Albedo_Band_Mandatory_Quality_shortwave_2018183_aid0001,aid0001,2018-07-02,5931,508158,6.0,81301
BRDF_Albedo_Band_Mandatory_Quality_shortwave_2018184_aid0001,aid0001,2018-07-03,4753,496812,8.0,84963
BRDF_Albedo_Band_Mandatory_Quality_shortwave_2018185_aid0001,aid0001,2018-07-04,8816,522658,8.0,74804
BRDF_Albedo_Band_Mandatory_Quality_shortwave_2018186_aid0001,aid0001,2018-07-05,7526,521291,7.0,76398
BRDF_Albedo_Band_Mandatory_Quality_shortwave_2018187_aid0001,aid0001,2018-07-06,8544,521651,15.0,72530
BRDF_Albedo_Band_Mandatory_Quality_shortwave_2018188_aid0001,aid0001,2018-07-07,7480,517277,4.0,75469
BRDF_Albedo_Band_Mandatory_Quality_shortwave_2018189_aid0001,aid0001,2018-07-08,5928,494583,7.0,88415
BRDF_Albedo_Band_Mandatory_Quality_shortwave_2018190_aid0001,aid0001,2018-07-09,8133,510613,3.0,81314
BRDF_Albedo_Band_Mandatory_Quality_shortwave_2018191_aid0001,aid0001,2018-07-10,8875,505352,1.0,76228
BRDF_Albedo_Band_Mandatory_Quality_shortwave_2018192_aid0001,aid0001,2018-07-11,7659,486879,1.0,79735
BRDF_Albedo_Band_Mandatory_Quality_shortwave_2018193_aid0001,aid0001,2018-07-12,7644,466464,2.0,86054
BRDF_Albedo_Band_Mandatory_Quality_shortwave_2018194_aid0001,aid0001,2018-07-13,9886,461051,5.0,82455
BRDF_Albedo_Band_Mandatory_Quality_shortwave_2018195_aid0001,aid0001,2018-07-14,9947,454475,4.0,83771
BRDF_Albedo_Band_Mandatory_Quality_shortwave_2018196_aid0001,aid0001,2018-07-15,10143,448716,4.0,80632
BRDF_Albedo_Band_Mandatory_Quality_shortwave_2018197_aid0001,aid0001,2018-07-16,8589,437913,3.0,80081
BRDF_Albedo_Band_Mandatory_Quality_shortwave_2018198_aid0001,aid0001,2018-07-17,7794,446753,4.0,88098
BRDF_Albedo_Band_Mandatory_Quality_shortwave_2018199_aid0001,aid0001,2018-07-18,7432,453419,,88921
BRDF_Albedo_Band_Mandatory_Quality_shortwave_2018200_aid0001,aid0001,2018-07-19,10444,445092,2.0,85086
BRDF_Albedo_Band_Mandatory_Quality_shortwave_2018201_aid0001,aid0001,2018-07-20,9933,392396,8.0,100301
BRDF_Albedo_Band_Mandatory_Quality_shortwave_2018202_aid0001,aid0001,2018-07-21,9981,381727,3.0,100692
BRDF_Albedo_Band_Mandatory_Quality_shortwave_2018203_aid0001,aid0001,2018-07-22,5507,379373,3.0,106222
BRDF_Albedo_Band_Mandatory_Quality_shortwave_2018204_aid0001,aid0001,2018-07-23,4838,389348,2.0,106279
BRDF_Albedo_Band_Mandatory_Quality_shortwave_2018205_aid0001,aid0001,2018-07-24,4297,383623,4.0,106460
BRDF_Albedo_Band_Mandatory_Quality_shortwave_2018206_aid0001,aid0001,2018-07-25,3220,382078,4.0,108882
BRDF_Albedo_Band_Mandatory_Quality_shortwave_2018207_aid0001,aid0001,2018-07-26,2138,392882,4.0,113880
BRDF_Albedo_Band_Mandatory_Quality_shortwave_2018208_aid0001,aid0001,2018-07-27,1917,405080,7.0,112431
BRDF_Albedo_Band_Mandatory_Quality_shortwave_2018209_aid0001,aid0001,2018-07-28,1918,482730,6.0,98608
BRDF_Albedo_Band_Mandatory_Quality_shortwave_2018210_aid0001,aid0001,2018-07-29,2683,516427,10.0,95929
BRDF_Albedo_Band_Mandatory_Quality_shortwave_2018211_aid0001,aid0001,2018-07-30,4575,552246,7.0,74701
BRDF_Albedo_Band_Mandatory_Quality_shortwave_2018212_aid0001,aid0001,2018-07-31,13895,568835,8.0,65636
BRDF_Albedo_Band_Mandatory_Quality_shortwave_2018213_aid0001,aid0001,2018-08-01,21348,582184,15.0,52539
BRDF_Albedo_Band_Mandatory_Quality_shortwave_2018214_aid0001,aid0001,2018-08-02,25704,581911,12.0,50356
BRDF_Albedo_Band_Mandatory_Quality_shortwave_2018215_aid0001,aid0001,2018-08-03,24678,586556,14.0,49319
BRDF_Albedo_Band_Mandatory_Quality_shortwave_2018216_aid0001,aid0001,2018-08-04,19381,580918,12.0,54896
BRDF_Albedo_Band_Mandatory_Quality_shortwave_2018217_aid0001,aid0001,2018-08-05,18149,582739,6.0,54660
BRDF_Albedo_Band_Mandatory_Quality_shortwave_2018218_aid0001,aid0001,2018-08-06,18051,580420,10.0,57027
BRDF_Albedo_Band_Mandatory_Quality_shortwave_2018219_aid0001,aid0001,2018-08-07,20513,578765,10.0,57334
BRDF_Albedo_Band_Mandatory_Quality_shortwave_2018220_aid0001,aid0001,2018-08-08,24574,584399,11.0,52651
BRDF_Albedo_Band_Mandatory_Quality_shortwave_2018221_aid0001,aid0001,2018-08-09,31778,580090,23.0,50163
BRDF_Albedo_Band_Mandatory_Quality_shortwave_2018222_aid0001,aid0001,2018-08-10,42068,583358,48.0,43263
BRDF_Albedo_Band_Mandatory_Quality_shortwave_2018223_aid0001,aid0001,2018-08-11,46924,582110,36.0,40280
BRDF_Albedo_Band_Mandatory_Quality_shortwave_2018224_aid0001,aid0001,2018-08-12,48792,580629,39.0,40135
BRDF_Albedo_Band_Mandatory_Quality_shortwave_2018225_aid0001,aid0001,2018-08-13,41843,566924,36.0,51745
BRDF_Albedo_Band_Mandatory_Quality_shortwave_2018226_aid0001,aid0001,2018-08-14,40765,555445,35.0,54403
BRDF_Albedo_Band_Mandatory_Quality_shortwave_2018227_aid0001,aid0001,2018-08-15,36700,538655,24.0,66766
BRDF_Albedo_Band_Mandatory_Quality_shortwave_2018228_aid0001,aid0001,2018-08-16,26079,522079,27.0,71569
BRDF_Albedo_Band_Mandatory_Quality_shortwave_2018229_aid0001,aid0001,2018-08-17,22877,484126,28.0,84455
BRDF_Albedo_Band_Mandatory_Quality_shortwave_2018230_aid0001,aid0001,2018-08-18,17530,476530,11.0,88230
BRDF_Albedo_Band_Mandatory_Quality_shortwave_2018231_aid0001,aid0001,2018-08-19,19004,478926,18.0,93169
BRDF_Albedo_Band_Mandatory_Quality_shortwave_2018232_aid0001,aid0001,2018-08-20,22003,490586,27.0,91297
BRDF_Albedo_Band_Mandatory_Quality_shortwave_2018233_aid0001,aid0001,2018-08-21,20390,501778,26.0,89115
BRDF_Albedo_Band_Mandatory_Quality_shortwave_2018234_aid0001,aid0001,2018-08-22,18230,488446,20.0,96915
BRDF_Albedo_Band_Mandatory_Quality_shortwave_2018235_aid0001,aid0001,2018-08-23,15416,485214,25.0,95873
BRDF_Albedo_Band_Mandatory_Quality_shortwave_2018236_aid0001,aid0001,2018-08-24,13276,478933,19.0,99314
BRDF_Albedo_Band_Mandatory_Quality_shortwave_2018237_aid0001,aid0001,2018-08-25,12270,487132,16.0,104198
BRDF_Albedo_Band_Mandatory_Quality_shortwave_2018238_aid0001,aid0001,2018-08-26,7323,458643,7.0,122982
BRDF_Albedo_Band_Mandatory_Quality_shortwave_2018239_aid0001,aid0001,2018-08-27,5107,436317,5.0,121872
BRDF_Albedo_Band_Mandatory_Quality_shortwave_2018240_aid0001,aid0001,2018-08-28,4311,418407,4.0,122064
BRDF_Albedo_Band_Mandatory_Quality_shortwave_2018241_aid0001,aid0001,2018-08-29,3895,385944,2.0,135082
BRDF_Albedo_Band_Mandatory_Quality_shortwave_2018242_aid0001,aid0001,2018-08-30,2170,383514,15.0,148184
BRDF_Albedo_Band_Mandatory_Quality_shortwave_2018243_aid0001,aid0001,2018-08-31,3136,388256,14.0,145846
BRDF_Albedo_Band_Mandatory_Quality_shortwave_2018244_aid0001,aid0001,2018-09-01,3754,379903,18.0,142885
BRDF_Albedo_Band_Mandatory_Quality_shortwave_2018245_aid0001,aid0001,2018-09-02,4332,396238,39.0,138206
BRDF_Albedo_Band_Mandatory_Quality_shortwave_2018246_aid0001,aid0001,2018-09-03,4897,403244,43.0,131651
BRDF_Albedo_Band_Mandatory_Quality_shortwave_2018247_aid0001,aid0001,2018-09-04,4545,396416,53.0,131282
BRDF_Albedo_Band_Mandatory_Quality_shortwave_2018248_aid0001,aid0001,2018-09-05,4972,397095,57.0,124577
BRDF_Albedo_Band_Mandatory_Quality_shortwave_2018249_aid0001,aid0001,2018-09-06,4967,410442,48.0,129425
BRDF_Albedo_Band_Mandatory_Quality_shortwave_2018250_aid0001,aid0001,2018-09-07,6840,470929,34.0,100902
BRDF_Albedo_Band_Mandatory_Quality_shortwave_2018251_aid0001,aid0001,2018-09-08,12357,507363,39.0,91436
BRDF_Albedo_Band_Mandatory_Quality_shortwave_2018252_aid0001,aid0001,2018-09-09,22450,538802,30.0,69343
BRDF_Albedo_Band_Mandatory_Quality_shortwave_2018253_aid0001,aid0001,2018-09-10,20738,533180,17.0,69052
BRDF_Albedo_Band_Mandatory_Quality_shortwave_2018254_aid0001,aid0001,2018-09-11,26963,562221,20.0,55388
BRDF_Albedo_Band_Mandatory_Quality_shortwave_2018255_aid0001,aid0001,2018-09-12,43453,569084,26.0,47783
BRDF_Albedo_Band_Mandatory_Quality_shortwave_2018256_aid0001,aid0001,2018-09-13,75466,562238,26.0,35124
BRDF_Albedo_Band_Mandatory_Quality_shortwave_2018257_aid0001,aid0001,2018-09-14,91084,553587,19.0,31034
BRDF_Albedo_Band_Mandatory_Quality_shortwave_2018258_aid0001,aid0001,2018-09-15,100843,544895,30.0,31797
BRDF_Albedo_Band_Mandatory_Quality_shortwave_2018259_aid0001,aid0001,2018-09-16,106474,543861,37.0,29477
BRDF_Albedo_Band_Mandatory_Quality_shortwave_2018260_aid0001,aid0001,2018-09-17,108728,542357,30.0,29721
BRDF_Albedo_Band_Mandatory_Quality_shortwave_2018261_aid0001,aid0001,2018-09-18,109864,547935,25.0,27795
BRDF_Albedo_Band_Mandatory_Quality_shortwave_2018262_aid0001,aid0001,2018-09-19,127586,532460,50.0,27041
BRDF_Albedo_Band_Mandatory_Quality_shortwave_2018263_aid0001,aid0001,2018-09-20,149004,521110,82.0,21941
BRDF_Albedo_Band_Mandatory_Quality_shortwave_2018264_aid0001,aid0001,2018-09-21,152340,517937,86.0,20623
BRDF_Albedo_Band_Mandatory_Quality_shortwave_2018265_aid0001,aid0001,2018-09-22,183520,492998,112.0,17404
BRDF_Albedo_Band_Mandatory_Quality_shortwave_2018266_aid0001,aid0001,2018-09-23,176658,501766,110.0,16446
BRDF_Albedo_Band_Mandatory_Quality_shortwave_2018267_aid0001,aid0001,2018-09-24,142142,527284,103.0,19671
BRDF_Albedo_Band_Mandatory_Quality_shortwave_2018268_aid0001,aid0001,2018-09-25,111207,554575,116.0,24187
BRDF_Albedo_Band_Mandatory_Quality_shortwave_2018269_aid0001,aid0001,2018-09-26,119524,546477,92.0,23505
BRDF_Albedo_Band_Mandatory_Quality_shortwave_2018270_aid0001,aid0001,2018-09-27,132710,539110,90.0,21986
BRDF_Albedo_Band_Mandatory_Quality_shortwave_2018271_aid0001,aid0001,2018-09-28,133133,535794,127.0,23014
BRDF_Albedo_Band_Mandatory_Quality_shortwave_2018272_aid0001,aid0001,2018-09-29,121478,544569,141.0,25852
BRDF_Albedo_Band_Mandatory_Quality_shortwave_2018273_aid0001,aid0001,2018-09-30,122768,539369,130.0,26682
BRDF_Albedo_Band_Mandatory_Quality_shortwave_2018274_aid0001,aid0001,2018-10-01,107240,550769,114.0,29026
BRDF_Albedo_Band_Mandatory_Quality_shortwave_2018275_aid0001,aid0001,2018-10-02,86662,563696,127.0,35463
BRDF_Albedo_Band_Mandatory_Quality_shortwave_2018276_aid0001,aid0001,2018-10-03,74036,565460,72.0,39583
BRDF_Albedo_Band_Mandatory_Quality_shortwave_2018277_aid0001,aid0001,2018-10-04,88072,548528,72.0,44427
BRDF_Albedo_Band_Mandatory_Quality_shortwave_2018278_aid0001,aid0001,2018-10-05,135223,508831,30.0,40838
BRDF_Albedo_Band_Mandatory_Quality_shortwave_2018279_aid0001,aid0001,2018-10-06,200887,468136,26.0,23370
BRDF_Albedo_Band_Mandatory_Quality_shortwave_2018280_aid0001,aid0001,2018-10-07,225208,439259,42.0,26788
BRDF_Albedo_Band_Mandatory_Quality_shortwave_2018281_aid0001,aid0001,2018-10-08,220825,440884,26.0,28049
BRDF_Albedo_Band_Mandatory_Quality_shortwave_2018282_aid0001,aid0001,2018-10-09,242179,422902,15.0,26586
BRDF_Albedo_Band_Mandatory_Quality_shortwave_2018283_aid0001,aid0001,2018-10-10,285339,385601,54.0,21818
BRDF_Albedo_Band_Mandatory_Quality_shortwave_2018284_aid0001,aid0001,2018-10-11,304836,373171,67.0,17056
BRDF_Albedo_Band_Mandatory_Quality_shortwave_2018285_aid0001,aid0001,2018-10-12,299887,377713,54.0,17551
BRDF_Albedo_Band_Mandatory_Quality_shortwave_2018286_aid0001,aid0001,2018-10-13,313269,373168,40.0,11755
BRDF_Albedo_Band_Mandatory_Quality_shortwave_2018287_aid0001,aid0001,2018-10-14,343740,346282,15.0,10324
BRDF_Albedo_Band_Mandatory_Quality_shortwave_2018288_aid0001,aid0001,2018-10-15,350038,338061,13.0,10865
BRDF_Albedo_Band_Mandatory_Quality_shortwave_2018289_aid0001,aid0001,2018-10-16,355344,336534,19.0,9247
BRDF_Albedo_Band_Mandatory_Quality_shortwave_2018290_aid0001,aid0001,2018-10-17,372761,315995,30.0,9707
BRDF_Albedo_Band_Mandatory_Quality_shortwave_2018291_aid0001,aid0001,2018-10-18,377406,314430,43.0,8526
BRDF_Albedo_Band_Mandatory_Quality_shortwave_2018292_aid0001,aid0001,2018-10-19,374738,311619,37.0,10127
BRDF_Albedo_Band_Mandatory_Quality_shortwave_2018293_aid0001,aid0001,2018-10-20,390623,306568,41.0,5814
BRDF_Albedo_Band_Mandatory_Quality_shortwave_2018294_aid0001,aid0001,2018-10-21,454139,245260,30.0,5289
BRDF_Albedo_Band_Mandatory_Quality_shortwave_2018295_aid0001,aid0001,2018-10-22,461628,241609,26.0,3344
BRDF_Albedo_Band_Mandatory_Quality_shortwave_2018296_aid0001,aid0001,2018-10-23,525407,178457,10.0,3117
BRDF_Albedo_Band_Mandatory_Quality_shortwave_2018297_aid0001,aid0001,2018-10-24,558796,144411,4.0,3329
BRDF_Albedo_Band_Mandatory_Quality_shortwave_2018298_aid0001,aid0001,2018-10-25,529523,174464,4.0,3054
BRDF_Albedo_Band_Mandatory_Quality_shortwave_2018299_aid0001,aid0001,2018-10-26,504004,197202,3.0,3722
BRDF_Albedo_Band_Mandatory_Quality_shortwave_2018300_aid0001,aid0001,2018-10-27,516668,186252,7.0,3555
BRDF_Albedo_Band_Mandatory_Quality_shortwave_2018301_aid0001,aid0001,2018-10-28,509939,192897,7.0,3628
BRDF_Albedo_Band_Mandatory_Quality_shortwave_2018302_aid0001,aid0001,2018-10-29,469365,233135,5.0,3748
BRDF_Albedo_Band_Mandatory_Quality_shortwave_2018303_aid0001,aid0001,2018-10-30,392205,307491,3.0,4582
BRDF_Albedo_Band_Mandatory_Quality_shortwave_2018304_aid0001,aid0001,2018-10-31,386496,313434,7.0,4218
BRDF_Albedo_Band_Mandatory_Quality_shortwave_2018305_aid0001,aid0001,2018-11-01,403877,296457,5.0,4159
BRDF_Albedo_Band_Mandatory_Quality_shortwave_2018306_aid0001,aid0001,2018-11-02,373400,326963,9.0,4131
BRDF_Albedo_Band_Mandatory_Quality_shortwave_2018307_aid0001,aid0001,2018-11-03,439460,262143,3.0,3658
BRDF_Albedo_Band_Mandatory_Quality_shortwave_2018308_aid0001,aid0001,2018-11-04,459099,242001,5.0,4039
BRDF_Albedo_Band_Mandatory_Quality_shortwave_2018309_aid0001,aid0001,2018-11-05,434144,266881,6.0,4035
BRDF_Albedo_Band_Mandatory_Quality_shortwave_2018310_aid0001,aid0001,2018-11-06,268066,430350,3.0,5063
BRDF_Albedo_Band_Mandatory_Quality_shortwave_2018311_aid0001,aid0001,2018-11-07,144781,544602,5.0,9784
BRDF_Albedo_Band_Mandatory_Quality_shortwave_2018312_aid0001,aid0001,2018-11-08,52049,618126,22.0,24200
BRDF_Albedo_Band_Mandatory_Quality_shortwave_2018313_aid0001,aid0001,2018-11-09,64562,615787,9.0,14091
BRDF_Albedo_Band_Mandatory_Quality_shortwave_2018314_aid0001,aid0001,2018-11-10,176981,517195,6.0,6560
BRDF_Albedo_Band_Mandatory_Quality_shortwave_2018315_aid0001,aid0001,2018-11-11,242404,447662,19.0,8739
BRDF_Albedo_Band_Mandatory_Quality_shortwave_2018316_aid0001,aid0001,2018-11-12,172562,520167,17.0,7754
BRDF_Albedo_Band_Mandatory_Quality_shortwave_2018317_aid0001,aid0001,2018-11-13,200289,491113,22.0,8567
BRDF_Albedo_Band_Mandatory_Quality_shortwave_2018318_aid0001,aid0001,2018-11-14,313949,382785,11.0,5284
BRDF_Albedo_Band_Mandatory_Quality_shortwave_2018319_aid0001,aid0001,2018-11-15,274448,422380,9.0,5349
BRDF_Albedo_Band_Mandatory_Quality_shortwave_2018320_aid0001,aid0001,2018-11-16,284517,412074,4.0,5441
BRDF_Albedo_Band_Mandatory_Quality_shortwave_2018321_aid0001,aid0001,2018-11-17,306714,389452,5.0,5566
BRDF_Albedo_Band_Mandatory_Quality_shortwave_2018322_aid0001,aid0001,2018-11-18,296056,398419,4.0,5858
BRDF_Albedo_Band_Mandatory_Quality_shortwave_2018323_aid0001,aid0001,2018-11-19,237227,454848,3.0,5812
BRDF_Albedo_Band_Mandatory_Quality_shortwave_2018324_aid0001,aid0001,2018-11-20,309017,382262,2.0,5420
BRDF_Albedo_Band_Mandatory_Quality_shortwave_2018325_aid0001,aid0001,2018-11-21,350798,344222,1.0,4913
BRDF_Albedo_Band_Mandatory_Quality_shortwave_2018326_aid0001,aid0001,2018-11-22,378924,316632,1.0,4950
BRDF_Albedo_Band_Mandatory_Quality_shortwave_2018327_aid0001,aid0001,2018-11-23,389702,304177,,5457
BRDF_Albedo_Band_Mandatory_Quality_shortwave_2018328_aid0001,aid0001,2018-11-24,378965,316023,2.0,5187
BRDF_Albedo_Band_Mandatory_Quality_shortwave_2018329_aid0001,aid0001,2018-11-25,255952,437666,1.0,5868
BRDF_Albedo_Band_Mandatory_Quality_shortwave_2018330_aid0001,aid0001,2018-11-26,139328,550486,2.0,6780
BRDF_Albedo_Band_Mandatory_Quality_shortwave_2018331_aid0001,aid0001,2018-11-27,142946,547021,6.0,7095
BRDF_Albedo_Band_Mandatory_Quality_shortwave_2018332_aid0001,aid0001,2018-11-28,113074,576236,9.0,8464
BRDF_Albedo_Band_Mandatory_Quality_shortwave_2018333_aid0001,aid0001,2018-11-29,207199,486342,13.0,6425
BRDF_Albedo_Band_Mandatory_Quality_shortwave_2018334_aid0001,aid0001,2018-11-30,199912,492169,24.0,7286
BRDF_Albedo_Band_Mandatory_Quality_shortwave_2018335_aid0001,aid0001,2018-12-01,202411,490356,22.0,6880
BRDF_Albedo_Band_Mandatory_Quality_shortwave_2018336_aid0001,aid0001,2018-12-02,148935,538426,38.0,10366
BRDF_Albedo_Band_Mandatory_Quality_shortwave_2018337_aid0001,aid0001,2018-12-03,115743,567635,27.0,11510
BRDF_Albedo_Band_Mandatory_Quality_shortwave_2018338_aid0001,aid0001,2018-12-04,171615,518786,21.0,9187
BRDF_Albedo_Band_Mandatory_Quality_shortwave_2018339_aid0001,aid0001,2018-12-05,275278,419758,17.0,6750
BRDF_Albedo_Band_Mandatory_Quality_shortwave_2018340_aid0001,aid0001,2018-12-06,169589,521978,21.0,8182
BRDF_Albedo_Band_Mandatory_Quality_shortwave_2018341_aid0001,aid0001,2018-12-07,98448,589863,47.0,10305
BRDF_Albedo_Band_Mandatory_Quality_shortwave_2018342_aid0001,aid0001,2018-12-08,65711,621238,37.0,11123
BRDF_Albedo_Band_Mandatory_Quality_shortwave_2018343_aid0001,aid0001,2018-12-09,104487,585470,32.0,9744
BRDF_Albedo_Band_Mandatory_Quality_shortwave_2018344_aid0001,aid0001,2018-12-10,187854,509045,38.0,7211
BRDF_Albedo_Band_Mandatory_Quality_shortwave_2018345_aid0001,aid0001,2018-12-11,321257,378434,35.0,5172
BRDF_Albedo_Band_Mandatory_Quality_shortwave_2018346_aid0001,aid0001,2018-12-12,310361,389814,38.0,4801
BRDF_Albedo_Band_Mandatory_Quality_shortwave_2018347_aid0001,aid0001,2018-12-13,218531,480911,16.0,5250
BRDF_Albedo_Band_Mandatory_Quality_shortwave_2018348_aid0001,aid0001,2018-12-14,220721,478463,10.0,4897
BRDF_Albedo_Band_Mandatory_Quality_shortwave_2018349_aid0001,aid0001,2018-12-15,223825,474911,19.0,5098
BRDF_Albedo_Band_Mandatory_Quality_shortwave_2018350_aid0001,aid0001,2018-12-16,221719,476469,18.0,5217
BRDF_Albedo_Band_Mandatory_Quality_shortwave_2018351_aid0001,aid0001,2018-12-17,344193,356054,11.0,4115
BRDF_Albedo_Band_Mandatory_Quality_shortwave_2018352_aid0001,aid0001,2018-12-18,402763,298724,16.0,3517
BRDF_Albedo_Band_Mandatory_Quality_shortwave_2018353_aid0001,aid0001,2018-12-19,465790,236602,6.0,3020
BRDF_Albedo_Band_Mandatory_Quality_shortwave_2018354_aid0001,aid0001,2018-12-20,406278,294884,3.0,3232
BRDF_Albedo_Band_Mandatory_Quality_shortwave_2018355_aid0001,aid0001,2018-12-21,300222,397248,19.0,4225
BRDF_Albedo_Band_Mandatory_Quality_shortwave_2018356_aid0001,aid0001,2018-12-22,307436,392337,20.0,4304
BRDF_Albedo_Band_Mandatory_Quality_shortwave_2018357_aid0001,aid0001,2018-12-23,349257,352341,23.0,3502
BRDF_Albedo_Band_Mandatory_Quality_shortwave_2018358_aid0001,aid0001,2018-12-24,365455,336471,22.0,3402
BRDF_Albedo_Band_Mandatory_Quality_shortwave_2018359_aid0001,aid0001,2018-12-25,338692,362245,20.0,3759
BRDF_Albedo_Band_Mandatory_Quality_shortwave_2018360_aid0001,aid0001,2018-12-26,322559,370463,4.0,11428
BRDF_Albedo_Band_Mandatory_Quality_shortwave_2018361_aid0001,aid0001,2018-12-27,180933,496708,1.0,24675
BRDF_Albedo_Band_Mandatory_Quality_shortwave_2018362_aid0001,aid0001,2018-12-28,196908,484724,,20798
BRDF_Albedo_Band_Mandatory_Quality_shortwave_2018363_aid0001,aid0001,2018-12-29,251699,441073,5.0,8962
BRDF_Albedo_Band_Mandatory_Quality_shortwave_2018364_aid0001,aid0001,2018-12-30,354653,346901,7.0,3677
BRDF_Albedo_Band_Mandatory_Quality_shortwave_2018365_aid0001,aid0001,2018-12-31,318820,381154,8.0,4413
